index,module,topic,color,feed,term,created,country,ratio,counter,pages,language,ipcc,continent
'9ea0e31db4',extremes,Drought,#edc291,edo,manque de pluie belgique,2025-12-10T03:45:00+00:00,Belgium,0.6059733066890544,2,1,fr,WCE,Europe
'9fdd24ccd8',extremes,Snow&Ice,#d60d2b,wmo,gel france,2025-11-23T03:46:00+00:00,France,0.6049473805807186,2,1,fr,WCE,Europe
'fa97d4c797',extremes,Snow&Ice,#d60d2b,wmo,avalanche williston,2025-12-19T03:46:00+00:00,Canada,0.6040124184956904,1,1,fr,NEN,North-America
'3705bf124e',extremes,Earthquake,#870007,usgs,tremblement de terre république démocratique du congo,2025-12-02T03:41:00+00:00,Democratic Republic of the Congo,0.6039927779444398,1,2,fr,SEAF,Africa
'5d5feeb7da',extremes,Drought,#edc291,edo,sécheresse comores,2025-12-08T03:45:00+00:00,Comoros,0.601644835116144,1,1,fr,ESAF,Africa
'c91b48115b',extremes,Drought,#edc291,edo,manque de pluie saint pierre et miquelon,2025-12-07T03:47:00+00:00,Saint Pierre and Miquelon,0.6013150027124113,2,1,fr,ENA,North-America
'a715281618',extremes,Storm,#b3b2b1,wmo,onde de tempête vanuatu,2025-12-06T03:32:00+00:00,Vanuatu,0.600158313997574,1,1,fr,SPO,Oceania
'83f88980b5',extremes,Storm,#b3b2b1,wmo,onde de tempête minganie anticosti,2025-12-19T03:46:00+00:00,Canada,0.5993805044647494,1,1,fr,NEN,North-America
'e28696d6d8',extremes,Drought,#edc291,edo,période sèche en Guyane française,2025-11-29T03:34:00+00:00,French Guiana,0.5988416091278079,2,1,fr,NSA,South-America
'a186f732f1',extremes,Snow&Ice,#d60d2b,wmo,région glaciale du chenal est de tuktoyaktuk,2025-12-14T03:49:00+00:00,Canada,0.5981985873680083,1,1,fr,NEN,North-America
'34799f2163',extremes,Drought,#edc291,edo,sécheresse république du congo,2025-12-04T03:42:00+00:00,Republic of the Congo,0.5980602374681836,2,1,fr,CAF,Africa
'94a580db01',extremes,Snow&Ice,#d60d2b,wmo,gel fermont,2025-12-19T03:46:00+00:00,Canada,0.596360210130507,2,1,fr,NEN,North-America
'b08a276ec2',extremes,Fog,#d60d2b,wmo,brouillard italie,2025-12-08T03:44:00+00:00,Italy,0.593477453249207,1,1,fr,MED,Europe
'a18b16cacb',extremes,Precipitation,#d60d2b,wmo,pluies torrentielles dans la vallée de Skagit,2025-12-11T03:46:00+00:00,Canada,0.5918267283293627,1,1,fr,NEN,North-America
'91ba4b4be9',extremes,Storm,#b3b2b1,wmo,tempête vaucluse var bouches du rhône,2025-12-16T03:47:00+00:00,France,0.5917998941020933,1,1,fr,WCE,Europe
'0b5987a8ca',extremes,Storm,#b3b2b1,wmo,"tempête vallée du fraser est, y compris Hope",2025-12-16T03:47:00+00:00,Canada,0.5913122000614304,1,1,fr,NEN,North-America
'7f73f7e626',extremes,Storm,#b3b2b1,wmo,onde de tempête france,2025-12-04T03:42:00+00:00,France,0.5904861096105375,3,1,fr,WCE,Europe
'd7241e8be8',extremes,Drought,#edc291,edo,manque de pluie cameroun,2025-12-11T03:46:00+00:00,Cameroon,0.5898973138674561,1,1,fr,CAF,Africa
'1f666d6ccf',extremes,Earthquake,#870007,usgs,tremblement de terre wallis et futuna,2025-12-14T03:49:00+00:00,Wallis and Futuna,0.5894842131090907,1,1,fr,SPO,Pacific Ocean
'0362f0b9c1',extremes,Earthquake,#870007,usgs,tremblement de terre également,2025-12-08T03:44:00+00:00,Wallis and Futuna,0.5893887276273809,1,1,fr,SPO,Pacific Ocean
'fa6c237b07',extremes,Snow&Ice,#d60d2b,wmo,avalanche savoie haute savoie,2025-12-15T03:54:00+00:00,France,0.5893461061806443,1,1,fr,WCE,Europe
'17ba0be079',extremes,Snow&Ice,#d60d2b,wmo,avalanche savoie,2025-12-18T03:44:00+00:00,France,0.5891538203295916,1,1,fr,WCE,Europe
'89ccd81f41',extremes,Storm,#b3b2b1,wmo,tempête pyrénées atlantiques landes,2025-12-03T03:40:00+00:00,France,0.5887488687854694,0,2,fr,WCE,Europe
'964435c6a2',extremes,Drought,#edc291,edo,sécheresse saint martin,2025-12-04T03:42:00+00:00,Saint Martin,0.5879319080795969,1,1,fr,CAR,North-America
'c81c03f06e',extremes,Earthquake,#870007,usgs,tremblement de terre beauséjour,2025-12-08T03:44:00+00:00,Guadeloupe,0.587345668063519,0,2,fr,NAO,Atlantic Ocean
'5c0a076489',extremes,Storm,#b3b2b1,wmo,tempête france,2025-12-04T03:42:00+00:00,France,0.5865751651933383,1,2,fr,WCE,Europe
'1224f72b5f',extremes,Snow&Ice,#d60d2b,wmo,neige blanc sablon,2025-12-15T03:54:00+00:00,Canada,0.5855427369308155,0,2,fr,NEN,North-America
'68ce9d0e23',extremes,Drought,#edc291,edo,sécheresse république centrafricaine,2025-12-09T03:41:00+00:00,Central African Republic,0.5855317726252113,2,1,fr,CAF,Africa
'add55cb2e5',extremes,Drought,#edc291,edo,sécheresse territoires du sud français,2025-12-12T03:46:00+00:00,French Southern Territories,0.5849436358184581,2,1,fr,SOO,Antarctica
'085c462798',extremes,Drought,#edc291,edo,sécheresse en Nouvelle-Calédonie,2025-12-02T03:41:00+00:00,New Caledonia,0.5841216519568491,1,1,fr,SPO,Oceania
'2b6285aa8a',extremes,Drought,#edc291,edo,période de sécheresse en côte d'ivoire,2025-12-06T03:32:00+00:00,Ivory Coast,0.583555879243065,0,2,fr,WAF,Africa
'a68178343b',extremes,Drought,#edc291,edo,période sèche aux Seychelles,2025-12-09T03:41:00+00:00,Seychelles,0.5831881840078669,1,1,fr,EIO,Indian Ocean
'56dca2743f',extremes,Drought,#edc291,edo,période sèche en Guinée équatoriale,2025-12-07T03:47:00+00:00,Equatorial Guinea,0.5828661129625677,1,1,fr,WAF,Africa
'11b4484b9a',extremes,Drought,#edc291,edo,manque de pluie mayotte,2025-12-10T03:45:00+00:00,Mayotte,0.580888515275405,0,2,fr,MDG,Africa
'906eca8937',extremes,Storm,#b3b2b1,wmo,onde de tempête erstfeld engelberg,2025-12-16T03:47:00+00:00,Switzerland,0.5805525802974415,0,2,fr,WCE,Europe
'9019645cef',extremes,Snow&Ice,#d60d2b,wmo,zone Snow Manic 5,2025-12-19T03:46:00+00:00,Canada,0.5774465210852047,0,2,fr,NEN,North-America
'dbcb53ece4',extremes,Snow&Ice,#d60d2b,wmo,neige canada,2025-11-27T03:34:00+00:00,Canada,0.5770547429028735,3,1,fr,NEN,North-America
'a53b782c59',extremes,Snow&Ice,#d60d2b,wmo,le Canada gelé,2025-12-04T03:42:00+00:00,Canada,0.5769616140871249,2,1,fr,NEN,North-America
'd21a18e36d',extremes,Tsunami,#690191,usgs,tsunami 2025 tremblement de terre du glacier Hubbard,2025-12-07T03:46:00+00:00,Canada,0.576864421867275,0,2,fr,NWN,North-America
'7e40fc6e30',extremes,Drought,#edc291,edo,manque de pluie maurice,2025-12-04T03:42:00+00:00,Mauritius,0.576613774793534,0,2,fr,SIO,Indian Ocean
'43cb23896c',extremes,Drought,#edc291,edo,manque de pluie burkina faso,2025-12-06T03:32:00+00:00,Burkina Faso,0.5759153571652682,3,1,fr,WAF,Africa
'f22b289db8',extremes,Snow&Ice,#d60d2b,wmo,neige france,2025-12-16T03:47:00+00:00,France,0.5751788581843881,2,2,fr,WCE,Europe
'8d48e50118',extremes,Drought,#edc291,edo,sécheresse Sénégal,2025-12-13T03:38:00+00:00,Senegal,0.5732043358185049,2,1,fr,WAF,Africa
'1ff36d7a46',extremes,Drought,#edc291,edo,sécheresse belgique,2025-12-08T03:45:00+00:00,Belgium,0.5715129868238399,2,1,fr,WCE,Europe
'51be8a2000',extremes,Snow&Ice,#d60d2b,wmo,vieux corbeau givré,2025-12-03T03:40:00+00:00,Canada,0.5698666528648407,2,1,fr,NEN,North-America
'e1cb5d77a6',extremes,Snow&Ice,#d60d2b,wmo,givre,2025-12-05T03:41:00+00:00,Canada,0.5694884923907604,1,2,fr,NEN,North-America
'2bb3d20abc',extremes,Fog,#d60d2b,wmo,brouillard belgique,2025-12-14T03:49:00+00:00,Belgium,0.5691400974167842,2,1,fr,WCE,Europe
'26ee8382ea',extremes,Snow&Ice,#d60d2b,wmo,geler Simcoe Delhi Norfolk,2025-12-01T04:02:00+00:00,Canada,0.5690845731474553,1,1,fr,NEN,North-America
'1af32d0d90',extremes,Precipitation,#d60d2b,wmo,pluie canada,2025-12-01T04:02:00+00:00,Canada,0.5682129305229354,2,1,fr,NEN,North-America
'2087442b23',extremes,Snow&Ice,#d60d2b,wmo,vieux corbeau des neiges,2025-12-02T03:41:00+00:00,Canada,0.5681949865391801,1,1,fr,NEN,North-America
'0d9b148c07',extremes,Fog,#d60d2b,wmo,brouillard anvers,2025-12-14T03:49:00+00:00,Belgium,0.5675422677900549,1,1,fr,WCE,Europe
'26ebc0acee',extremes,Tsunami,#690191,usgs,tsunami au Canada,2025-12-11T03:46:00+00:00,Canada,0.5672563723288019,2,1,fr,NWN,North-America
'0d3bd066d2',extremes,Storm,#b3b2b1,wmo,tempête dempster,2025-12-05T03:41:00+00:00,Canada,0.5672071294025394,2,1,fr,NEN,North-America
'8df29b72f3',extremes,Storm,#b3b2b1,wmo,tempête cartwright à chatouillement noir,2025-12-02T03:41:00+00:00,Canada,0.5669902335084335,2,1,fr,NEN,North-America
'58275fcc95',extremes,Fog,#d60d2b,wmo,brouillard Flandre occidentale,2025-12-14T03:49:00+00:00,Belgium,0.5666485144088664,1,2,fr,WCE,Europe
'5937c23b3a',extremes,Drought,#edc291,edo,sécheresse au bénin,2025-12-01T04:02:00+00:00,Benin,0.5665242923628738,2,1,fr,WAF,Africa
'90fce750f8',extremes,Fog,#d60d2b,wmo,brouillard hainaut,2025-12-14T03:49:00+00:00,Belgium,0.566423683932682,1,2,fr,WCE,Europe
'9349bd9c5e',extremes,Drought,#edc291,edo,sécheresse Guinée équatoriale,2025-12-11T03:46:00+00:00,Equatorial Guinea,0.5658934572387203,2,1,fr,WAF,Africa
'794967b95a',extremes,Storm,#b3b2b1,wmo,comté de Storm Kings Î.-P.-É.,2025-12-05T03:41:00+00:00,Canada,0.5657044606063825,2,1,fr,NEN,North-America
'3d34176d28',extremes,Snow&Ice,#d60d2b,wmo,neige williston,2025-12-09T03:41:00+00:00,Canada,0.5641545929598443,1,1,fr,NEN,North-America
'6c431d7467',extremes,Storm,#b3b2b1,wmo,nuage d'orage baie Dorion,2025-11-27T03:34:00+00:00,Canada,0.5638927929977613,1,1,fr,NEN,North-America
'84235d43f3',extremes,Snow&Ice,#d60d2b,wmo,avalanche dempster,2025-12-02T03:41:00+00:00,Canada,0.5630342840337761,2,1,fr,NEN,North-America
'ce884fadc9',extremes,Earthquake,#870007,usgs,tremblement de terre guadeloupe,2025-12-07T03:46:00+00:00,Guadeloupe,0.5628663200613796,1,1,fr,NAO,Atlantic Ocean
'0006615477',extremes,Precipitation,#d60d2b,wmo,pluie torrentielle canada,2025-12-10T03:45:00+00:00,Canada,0.5622626194234128,2,1,fr,NEN,North-America
'41225e527b',extremes,Drought,#edc291,edo,période sèche en Polynésie française,2025-12-16T03:47:00+00:00,French Polynesia,0.5620626334111821,2,1,fr,SPO,Pacific Ocean
'6828fb94e4',extremes,Snow&Ice,#d60d2b,wmo,"comté de Ice Kings, Î.-P.-É.",2025-12-05T03:41:00+00:00,Canada,0.5614748382793125,1,1,fr,NEN,North-America
'632d096d56',extremes,Storm,#b3b2b1,wmo,tempête postville makkovik,2025-12-06T03:32:00+00:00,Canada,0.56134706130365,1,1,fr,NEN,North-America
'c22c0da855',extremes,Precipitation,#d60d2b,wmo,précipitations canada,2025-12-10T03:45:00+00:00,Canada,0.5611210309240926,1,2,fr,NEN,North-America
'e987630880',extremes,Storm,#b3b2b1,wmo,"onde de tempête autoroute 97, col des pins",2025-12-09T03:41:00+00:00,Canada,0.561047965177533,2,1,fr,NEN,North-America
'33030ebc24',extremes,Flood,#030ba1,wmo,inondations en France,2025-12-06T03:32:00+00:00,France,0.5608506528805759,2,2,fr,WCE,Europe
'daa2caadae',extremes,Snow&Ice,#d60d2b,wmo,baie rouge givre jusqu'à l'anse au clair,2025-12-05T03:41:00+00:00,Canada,0.5607380647910347,1,1,fr,NEN,North-America
'1a44ba5f85',extremes,Drought,#edc291,edo,manque de pluie tunisie,2025-12-04T03:42:00+00:00,Tunisia,0.5603669942267986,1,1,fr,MED,Africa
'5bbe9c0082',extremes,Storm,#b3b2b1,wmo,onde de tempête canada,2025-12-15T03:54:00+00:00,Canada,0.5595145122893415,1,1,fr,NEN,North-America
'04fa203cfc',extremes,Drought,#edc291,edo,sécheresse réunion,2025-11-30T03:47:00+00:00,Reunion,0.5593910131234839,1,1,fr,SIO,Africa
'3673936869',extremes,Drought,#edc291,edo,période de sécheresse république démocratique du congo,2025-12-02T03:41:00+00:00,Democratic Republic of the Congo,0.5584676777086266,2,1,fr,CAF,Africa
'1a8044e375',extremes,Snow&Ice,#d60d2b,wmo,avalanche nord de la péninsule est,2025-12-05T03:41:00+00:00,Canada,0.5581807605558196,1,1,fr,NEN,North-America
'86f6fcdcbf',extremes,Drought,#edc291,edo,sécheresse saint pierre et miquelon,2025-11-30T03:47:00+00:00,Saint Pierre and Miquelon,0.5571453734821059,1,1,fr,ENA,North-America
'291335c911',extremes,Drought,#edc291,edo,manque de pluie au gabon,2025-12-08T03:45:00+00:00,Gabon,0.5555922922936015,2,1,fr,CAF,Africa
'196e63017c',extremes,Snow&Ice,#d60d2b,wmo,"glace supérieure du lac Melville, rivière Eagle",2025-12-12T03:45:00+00:00,Canada,0.5546385664996454,1,1,fr,NEN,North-America
'd77b825e5b',extremes,Flood,#030ba1,wmo,inondation au Canada,2025-12-15T03:54:00+00:00,Canada,0.5543768945791797,1,2,fr,NEN,North-America
'f4865eec16',extremes,Snow&Ice,#d60d2b,wmo,paulatuk de glace,2025-12-14T03:49:00+00:00,Canada,0.5537649500105617,1,1,fr,NEN,North-America
'6279d44f5f',extremes,Fog,#d60d2b,wmo,brouillard limbourg,2025-12-14T03:49:00+00:00,Belgium,0.5535764117786736,1,1,fr,WCE,Europe
'686d605ab5',extremes,Storm,#b3b2b1,wmo,tempête connaigre,2025-12-09T03:41:00+00:00,Canada,0.5527308836935885,1,1,fr,NEN,North-America
'28c2dc753f',extremes,Precipitation,#d60d2b,wmo,averse comté de Shelburne comté de Yarmouth,2025-12-02T03:41:00+00:00,Canada,0.5524392132265861,1,1,fr,NEN,North-America
'bb52dc77ba',extremes,Snow&Ice,#d60d2b,wmo,parc gelé Yoho parc Kootenay,2025-12-09T03:41:00+00:00,Canada,0.5516233770056095,1,1,fr,NEN,North-America
'4d84d97c26',extremes,Snow&Ice,#d60d2b,wmo,neige postville makkovik,2025-12-05T03:41:00+00:00,Canada,0.5512290936878784,1,1,fr,NEN,North-America
'945465874b',extremes,Drought,#edc291,edo,sécheresse à Djibouti,2025-12-01T04:02:00+00:00,Djibouti,0.5507887680445582,1,1,fr,NEAF,Africa
'a0374d7fc3',extremes,Drought,#edc291,edo,manque de pluie niger,2025-12-03T03:40:00+00:00,Niger,0.5505264347095982,1,1,fr,SAH,Africa
'adf71bc472',extremes,Drought,#edc291,edo,manque de pluie république centrafricaine,2025-12-04T03:42:00+00:00,Central African Republic,0.5502761606634312,1,1,fr,CAF,Africa
'56a85f18c1',extremes,Storm,#b3b2b1,wmo,jars tempête et environs,2025-12-15T03:54:00+00:00,Canada,0.5475659807674851,1,1,fr,NEN,North-America
'6f0714f764',extremes,Flood,#030ba1,wmo,inondation france,2025-12-09T03:41:00+00:00,France,0.5472192355077248,2,2,fr,WCE,Europe
'c72865acbd',extremes,Drought,#edc291,edo,manque de pluie au togo,2025-12-08T03:45:00+00:00,Togo,0.5466937713478216,2,1,fr,WAF,Africa
'faf74e1444',extremes,Drought,#edc291,edo,manque de pluie république du congo,2025-11-25T03:37:00+00:00,Republic of the Congo,0.5462234944638608,2,1,fr,CAF,Africa
'310f97d3f1',extremes,Snow&Ice,#d60d2b,wmo,glace teslin atlin,2025-12-06T03:32:00+00:00,Canada,0.5458406353661185,1,1,fr,NEN,North-America
'06adbcbae1',extremes,Drought,#edc291,edo,sécheresse madagascar,2025-12-03T03:40:00+00:00,Madagascar,0.5447746769731506,2,1,fr,MDG,Africa
'43ab572e78',extremes,Storm,#b3b2b1,wmo,zone côtière d'onde de tempête,2025-12-15T03:54:00+00:00,Belgium,0.54465427134874,1,1,fr,WCE,Europe
'a4a0219171',extremes,Snow&Ice,#d60d2b,wmo,vieux corbeau de Frost Dempster,2025-12-13T03:38:00+00:00,Canada,0.544382291044135,1,1,fr,NEN,North-America
'c85db986fe',extremes,Precipitation,#d60d2b,wmo,pluie torrentielle madagascar,2025-12-06T03:32:00+00:00,Madagascar,0.5442425413599142,2,1,fr,MDG,Africa
'853a5500ab',extremes,Snow&Ice,#d60d2b,wmo,dempster glacial,2025-12-06T03:32:00+00:00,Canada,0.5434801420870355,1,1,fr,NEN,North-America
'c613234021',extremes,Storm,#b3b2b1,wmo,tempête haïda gwaii,2025-12-09T03:41:00+00:00,Canada,0.5433250042192876,1,1,fr,NEN,North-America
'ebb583160c',extremes,Precipitation,#d60d2b,wmo,averses dans les régions montagneuses et orientales,2025-12-06T03:32:00+00:00,Madagascar,0.5430635946180788,2,1,fr,MDG,Africa
'83bfa36f5c',extremes,Fog,#d60d2b,wmo,brouillard chesterfield inlet,2025-12-06T03:32:00+00:00,Canada,0.5428374913551853,1,1,fr,NEN,North-America
'54898bb95f',extremes,Storm,#b3b2b1,wmo,onde de tempête baie verte baie blanche,2025-12-16T03:47:00+00:00,Canada,0.5414573132704542,1,1,fr,NEN,North-America
'a12b6ff421',extremes,Drought,#edc291,edo,sécheresse mayotte,2025-12-09T03:41:00+00:00,Mayotte,0.5408977086838125,1,1,fr,MDG,Africa
'3a583bc64a',extremes,Drought,#edc291,edo,période sèche république centrafricaine,2025-12-03T03:40:00+00:00,Central African Republic,0.5407171894710804,2,1,fr,CAF,Africa
'33dcf78201',extremes,Storm,#b3b2b1,wmo,onde de tempête à Jars et environs,2025-12-16T03:47:00+00:00,Canada,0.5402882500188171,1,1,fr,NEN,North-America
'dd6af43803',extremes,Drought,#edc291,edo,sécheresse côte d'ivoire,2025-12-11T03:46:00+00:00,Ivory Coast,0.5402109106142982,1,1,fr,WAF,Africa
'7cb33ecf6e',extremes,Snow&Ice,#d60d2b,wmo,gel isère haute savoie,2025-12-03T03:40:00+00:00,France,0.53945381318877,1,1,fr,WCE,Europe
'47c5e9f35a',extremes,Storm,#b3b2b1,wmo,tempête manche côtes d'armor finistère,2025-12-06T03:32:00+00:00,France,0.5391216763459589,1,1,fr,WCE,Europe
'fb43bdaa2f',extremes,Drought,#edc291,edo,sécheresse saint pierre et miquelon,2025-12-06T03:32:00+00:00,Saint Pierre and Miquelon,0.5388152292798327,2,1,fr,ENA,North-America
'df4c08f42e',extremes,Snow&Ice,#d60d2b,wmo,"cheval blanc des neiges, teslin",2025-12-06T03:32:00+00:00,Canada,0.538168895647556,1,1,fr,NEN,North-America
'321831245f',extremes,Earthquake,#870007,usgs,tremblement de terre kabare,2025-11-25T03:36:00+00:00,Democratic Republic of the Congo,0.5370989853802682,2,1,fr,SEAF,Africa
'34b8c4045f',extremes,Snow&Ice,#d60d2b,wmo,la Savoie glaciale,2025-12-19T03:46:00+00:00,France,0.5370529113498956,1,1,fr,WCE,Europe
'04485005cb',extremes,Snow&Ice,#d60d2b,wmo,"tuktoyaktuk de glace, région du chenal est",2025-12-13T03:38:00+00:00,Canada,0.536406874034378,1,1,fr,NEN,North-America
'060f7f7a38',extremes,Snow&Ice,#d60d2b,wmo,avalanche paulatuk,2025-12-13T03:38:00+00:00,Canada,0.535554518203488,1,1,fr,NEN,North-America
'5d869c3e0f',extremes,Precipitation,#d60d2b,wmo,pluie france,2025-12-15T03:54:00+00:00,France,0.535397121119761,1,3,fr,WCE,Europe
'ac221e850d',extremes,Volcano,#b83202,eonet,"volcan Nyamulagira, RD Congo",2025-12-13T03:37:00+00:00,Democratic Republic of the Congo,0.5345240271500095,1,1,fr,SEAF,Africa
'1bffaeede0',extremes,Flood,#030ba1,wmo,crue du Rhône,2025-12-01T04:02:00+00:00,France,0.5344440078715302,2,1,fr,WCE,Europe
'9b4f517f6d',extremes,Flood,#030ba1,wmo,inondations du rhône gard,2025-12-03T03:40:00+00:00,France,0.5333072744874099,2,1,fr,WCE,Europe
'a1fdba0d05',extremes,Earthquake,#870007,usgs,tremblement de terre en Nouvelle-Calédonie,2025-11-23T03:46:00+00:00,New Caledonia,0.532096496842238,2,1,fr,SPO,Pacific Ocean
'72d86f00f6',extremes,Storm,#b3b2b1,wmo,onde de tempête dans le Grand Victoria,2025-12-09T03:41:00+00:00,Canada,0.5318685237632579,2,1,fr,NEN,North-America
'13104e853c',extremes,Drought,#edc291,edo,période sèche au gabon,2025-12-16T03:47:00+00:00,Gabon,0.5309894974186236,2,1,fr,CAF,Africa
'5ea67ea4a7',extremes,Drought,#edc291,edo,sécheresse trinité et tobago,2025-12-10T03:45:00+00:00,Trinidad and Tobago,0.5305933756619847,1,1,fr,NSA,North-America
'7467da3199',extremes,Drought,#edc291,edo,sécheresse gabon,2025-12-01T04:02:00+00:00,Gabon,0.5299728463536567,2,1,fr,CAF,Africa
'b8545bc5d8',extremes,Drought,#edc291,edo,sécheresse burundi,2025-12-06T03:32:00+00:00,Burundi,0.5299237177419679,1,1,fr,SEAF,Africa
'd99be7f2ac',extremes,Drought,#edc291,edo,manque de pluie tchad,2025-12-13T03:38:00+00:00,Chad,0.5296320506244224,1,1,fr,SAH,Africa
'0e1a7c0ff4',extremes,Storm,#b3b2b1,wmo,onde de tempête lg quatre laforge et fontanges,2025-12-18T03:44:00+00:00,Canada,0.5295725482876763,1,1,fr,NEN,North-America
'50d3b02868',extremes,Storm,#b3b2b1,wmo,onde de tempête baie des exploits bonavista nord,2025-12-06T03:32:00+00:00,Canada,0.529550494104602,1,1,fr,NEN,North-America
'fa1ad4c940',extremes,Fog,#d60d2b,wmo,brouillard Flandre orientale,2025-12-14T03:49:00+00:00,Belgium,0.5290016752690362,1,1,fr,WCE,Europe
'd28ca888c1',extremes,Snow&Ice,#d60d2b,wmo,métro glacial de Sydney et comté du Cap-Breton,2025-12-09T03:41:00+00:00,Canada,0.5287519769894773,1,1,fr,NEN,North-America
'846fa8fe30',extremes,Storm,#b3b2b1,wmo,onde de tempête îles de la madeleine,2025-12-15T03:54:00+00:00,Canada,0.528437394011912,1,1,fr,NEN,North-America
'5a20612e67',extremes,Drought,#edc291,edo,manque de pluie trinité et tobago,2025-12-08T03:45:00+00:00,Trinidad and Tobago,0.5280439918415188,2,1,fr,NSA,North-America
'5f3d8bb0dd',extremes,Drought,#edc291,edo,sécheresse république démocratique du congo,2025-12-07T03:47:00+00:00,Democratic Republic of the Congo,0.5280359562810112,2,1,fr,CAF,Africa
'1ac346e7e2',extremes,Drought,#edc291,edo,sécheresse république démocratique du congo,2025-11-23T03:46:00+00:00,Democratic Republic of the Congo,0.5278902020662243,2,1,fr,CAF,Africa
'5d85dc5645',extremes,Drought,#edc291,edo,sécheresse rwanda,2025-12-16T03:47:00+00:00,Rwanda,0.5278143970323621,1,1,fr,SEAF,Africa
'9e0c993931',extremes,Precipitation,#d60d2b,wmo,pluie torrentielle france,2025-12-03T03:40:00+00:00,France,0.5275166465356101,1,1,fr,WCE,Europe
'904c16f856',extremes,Drought,#edc291,edo,période de sécheresse au togo,2025-12-13T03:38:00+00:00,Togo,0.5274721148691373,1,1,fr,WAF,Africa
'4677f8ea9f',extremes,Snow&Ice,#d60d2b,wmo,neige métro de Sydney et comté du Cap-Breton,2025-12-16T03:47:00+00:00,Canada,0.5273884362339828,1,1,fr,NEN,North-America
'86204c06c7',extremes,Snow&Ice,#d60d2b,wmo,"autoroute des avalanches 97, col des pins",2025-12-07T03:47:00+00:00,Canada,0.5273879232262657,1,1,fr,NEN,North-America
'3d1606b5f1',extremes,Storm,#b3b2b1,wmo,tempête nord de la péninsule est,2025-12-15T03:54:00+00:00,Canada,0.5267193642505235,1,1,fr,NEN,North-America
'1fea4f642d',extremes,Storm,#b3b2b1,wmo,onde de tempête suisse,2025-12-15T03:54:00+00:00,Switzerland,0.526369475807769,1,1,fr,WCE,Europe
'fa63ae1788',extremes,Precipitation,#d60d2b,wmo,pluie comté de Shelburne comté de Yarmouth,2025-12-03T03:40:00+00:00,Canada,0.5261439385874372,1,1,fr,NEN,North-America
'80a1b6ba6b',extremes,Drought,#edc291,edo,sécheresse belgique,2025-12-09T03:41:00+00:00,Belgium,0.5253874848748884,1,1,fr,WCE,Europe
'cf6843b4bb',extremes,Snow&Ice,#d60d2b,wmo,kugluktuk gelé,2025-12-19T03:46:00+00:00,Canada,0.5246832891977732,1,1,fr,NEN,North-America
'72291ba6a6',extremes,Flood,#030ba1,wmo,crue soudaine finistère morbihan,2025-12-18T03:44:00+00:00,France,0.5242337454403903,2,1,fr,WCE,Europe
'2339e9819f',extremes,Snow&Ice,#d60d2b,wmo,glace williston,2025-12-10T03:45:00+00:00,Canada,0.5227444039849345,2,1,fr,NEN,North-America
'27f7e80d5a',extremes,Snow&Ice,#d60d2b,wmo,gel matane,2025-12-12T03:45:00+00:00,Canada,0.5226461670627476,1,1,fr,NEN,North-America
'4bd633f474',extremes,Drought,#edc291,edo,sécheresse république du congo,2025-11-24T03:46:00+00:00,Republic of the Congo,0.5223479141589988,2,2,fr,CAF,Africa
'8020995846',extremes,Storm,#b3b2b1,wmo,onde de tempête alpes maritimes haute corse,2025-12-16T03:47:00+00:00,France,0.5214235087280469,2,1,fr,WCE,Europe
'f2c0c2874a',extremes,Snow&Ice,#d60d2b,wmo,paulatuk gelé,2025-12-12T03:45:00+00:00,Canada,0.5207602018595623,1,1,fr,NEN,North-America
'ea3bf4d8a0',extremes,Flood,#030ba1,wmo,crue du Rhône,2025-12-12T03:45:00+00:00,France,0.5204064284013232,2,2,fr,WCE,Europe
'b764ce0db1',extremes,Drought,#edc291,edo,sécheresse aux Seychelles,2025-11-30T03:47:00+00:00,Seychelles,0.5196419235841102,1,1,fr,EIO,Indian Ocean
'bf631416e9',extremes,Flood,#030ba1,wmo,crue du gard hérault,2025-12-19T03:46:00+00:00,France,0.51928722513827,2,1,fr,WCE,Europe
'a9144dcd4c',extremes,Snow&Ice,#d60d2b,wmo,quaqtaq de glace,2025-12-09T03:41:00+00:00,Canada,0.5187545970150758,2,1,fr,NEN,North-America
'16348a6786',extremes,Drought,#edc291,edo,période sèche en tunisie,2025-11-30T03:47:00+00:00,Tunisia,0.5186010993044783,2,1,fr,MED,Africa
'c98330318c',extremes,Drought,#edc291,edo,sécheresse guyane française,2025-12-09T03:41:00+00:00,French Guiana,0.5180448797622099,1,1,fr,NSA,South-America
'f731c5e8ac',extremes,Thunderstorm,#53785a,wmo,temps violent pas de calais manche,2025-12-06T03:32:00+00:00,France,0.5175530199424021,2,1,fr,WCE,Europe
'5a6fe8ff00',extremes,Snow&Ice,#d60d2b,wmo,baie James enneigée et rivière la grande,2025-12-08T03:44:00+00:00,Canada,0.5175256224360129,1,1,fr,NEN,North-America
'eeacc80474',extremes,Storm,#b3b2b1,wmo,tempête vanuatu,2025-12-06T03:32:00+00:00,Vanuatu,0.5173065991583717,5,1,fr,SPO,Oceania
'cefc77a4b3',extremes,Storm,#b3b2b1,wmo,tempête suisse,2025-12-15T03:54:00+00:00,Switzerland,0.5169431197258962,4,1,fr,WCE,Europe
'57d5873e48',extremes,Storm,#b3b2b1,wmo,onde de tempête nain et environs,2025-12-19T03:46:00+00:00,Canada,0.5155149679154978,2,1,fr,NEN,North-America
'f56fd59374',extremes,Storm,#b3b2b1,wmo,tempête région d'Aklavik région d'Inuvik,2025-12-12T03:45:00+00:00,Canada,0.5149264501700519,1,1,fr,NEN,North-America
'8c42c723c8',extremes,Snow&Ice,#d60d2b,wmo,gel dans la région du chenal est de tuktoyaktuk,2025-12-19T03:46:00+00:00,Canada,0.5140862320168121,2,1,fr,NEN,North-America
'e2fe2371dc',extremes,Earthquake,#870007,usgs,tremblement de terre tadine,2025-12-12T03:45:00+00:00,New Caledonia,0.5136998370919669,2,1,fr,SPO,Pacific Ocean
'4640f8164f',extremes,Storm,#b3b2b1,wmo,onde de tempête pyrénées atlantiques landes,2025-12-12T03:45:00+00:00,France,0.5134841161271156,1,1,fr,WCE,Europe
'd3e91f9222',extremes,Snow&Ice,#d60d2b,wmo,parc ice wawa pukaskwa,2025-12-09T03:41:00+00:00,Canada,0.5122923244142973,1,1,fr,NEN,North-America
'5ff816cd7a',extremes,Thunderstorm,#53785a,wmo,grêle vanuatu,2025-12-13T03:38:00+00:00,Vanuatu,0.5122414954006936,1,1,fr,SPO,Oceania
'a229846774',extremes,Snow&Ice,#d60d2b,wmo,avalanche parc supérieur du lac Agawa,2025-12-13T03:38:00+00:00,Canada,0.5114211651825072,2,1,fr,NEN,North-America
'54b8b61db1',extremes,Drought,#edc291,edo,sécheresse république centrafricaine,2025-12-16T03:47:00+00:00,Central African Republic,0.5102476327404385,2,1,fr,CAF,Africa
'b62570e7da',extremes,Precipitation,#d60d2b,wmo,pluie vanuatu,2025-12-11T03:46:00+00:00,Vanuatu,0.5101306770033973,4,1,fr,SPO,Oceania
'f2b29262f2',extremes,Drought,#edc291,edo,période sèche en Belgique,2025-12-12T03:46:00+00:00,Belgium,0.5090154848573892,1,2,fr,WCE,Europe
'a5d2510da4',extremes,Drought,#edc291,edo,sécheresse saint barthélémy,2025-12-04T03:42:00+00:00,Saint Barthelemy,0.5085991671875034,1,1,fr,CAR,North-America
'c0b447b81a',extremes,Snow&Ice,#d60d2b,wmo,gel ardèche lozère haute loire,2025-12-04T03:42:00+00:00,France,0.5078069783880408,1,1,fr,WCE,Europe
'6977541e84',extremes,Drought,#edc291,edo,sécheresse madagascar,2025-12-09T03:41:00+00:00,Madagascar,0.5067132377299315,2,1,fr,MDG,Africa
'd427a415c9',extremes,Drought,#edc291,edo,sécheresse martinique,2025-12-03T03:40:00+00:00,Martinique,0.5066376353994537,1,2,fr,CAR,North-America
'cd28fc481a',extremes,Fog,#d60d2b,wmo,brouillard Grèce,2025-12-11T03:46:00+00:00,Greece,0.506333671406779,1,1,fr,MED,Europe
'8650417750',extremes,Drought,#edc291,edo,période sèche république du congo,2025-12-10T03:45:00+00:00,Republic of the Congo,0.504131026533694,2,1,fr,CAF,Africa
'5f00dfbaae',extremes,Snow&Ice,#d60d2b,wmo,port de Frost Sachs,2025-12-14T03:49:00+00:00,Canada,0.5017793678460292,1,1,fr,NEN,North-America
'38e672b274',extremes,Drought,#edc291,edo,sécheresse gabon,2025-12-04T03:42:00+00:00,Gabon,0.4994512975330468,5,1,fr,CAF,Africa
'b9e5a5873a',extremes,Flood,#030ba1,wmo,inondations au Canada,2025-12-06T03:32:00+00:00,Canada,0.4943375204213169,2,1,fr,NEN,North-America
'c4be795f03',extremes,Drought,#edc291,edo,manque de pluie guinée équatoriale,2025-12-10T03:45:00+00:00,Equatorial Guinea,0.494324107598832,2,1,fr,WAF,Africa
'0b40d28ca0',extremes,Snow&Ice,#d60d2b,wmo,glace canada,2025-12-02T03:41:00+00:00,Canada,0.4935085096347287,2,1,fr,NEN,North-America
'3281a2283c',extremes,Snow&Ice,#d60d2b,wmo,gel canada,2025-11-27T03:34:00+00:00,Canada,0.4928977012995854,2,1,fr,NEN,North-America
'ecd6c72a27',extremes,Drought,#edc291,edo,manque de pluie madagascar,2025-12-10T03:45:00+00:00,Madagascar,0.4916344367271731,2,1,fr,MDG,Africa
'560d242cd5',extremes,Storm,#b3b2b1,wmo,tempête canada,2025-11-25T03:37:00+00:00,Canada,0.490564836188518,3,1,fr,NEN,North-America
'a2c72301a8',extremes,Drought,#edc291,edo,sécheresse au Cameroun,2025-12-08T03:45:00+00:00,Cameroon,0.4896559183926637,3,1,fr,CAF,Africa
'92035e2c20',extremes,Drought,#edc291,edo,période sèche à Madagascar,2025-11-26T03:37:00+00:00,Madagascar,0.4894939926656953,2,1,fr,MDG,Africa
'3bacdb81c7',extremes,Flood,#030ba1,wmo,flashflood canada,2025-12-03T03:40:00+00:00,Canada,0.4889298326337981,3,1,fr,NEN,North-America
'8f29727ea9',extremes,Drought,#edc291,edo,sécheresse en Guinée équatoriale,2025-12-05T03:41:00+00:00,Equatorial Guinea,0.4860253230300505,2,1,fr,WAF,Africa
'5998b1a528',extremes,Thunderstorm,#53785a,wmo,grêle aux Seychelles,2025-12-16T03:47:00+00:00,Seychelles,0.4854853627029417,2,1,fr,EIO,Africa
'872efa97c6',extremes,Snow&Ice,#d60d2b,wmo,dépoussiéreur de givre,2025-12-03T03:40:00+00:00,Canada,0.4845194032452428,2,1,fr,NEN,North-America
'df3b4ea64b',extremes,Storm,#b3b2b1,wmo,onde de tempête moosonee,2025-11-27T03:34:00+00:00,Canada,0.4839104603061743,2,1,fr,NEN,North-America
'9d59677e87',extremes,Drought,#edc291,edo,sécheresse mayotte,2025-12-03T03:40:00+00:00,Mayotte,0.4837221813862167,2,2,fr,MDG,Africa
'793f00879f',extremes,Snow&Ice,#d60d2b,wmo,"comté de Kings glacial, Île-du-Prince-Édouard",2025-12-03T03:40:00+00:00,Canada,0.483477273450291,2,1,fr,NEN,North-America
'0c4c529b3b',extremes,Storm,#b3b2b1,wmo,tempête belgique,2025-12-14T03:49:00+00:00,Belgium,0.4831893224942134,2,2,fr,WCE,Europe
'341a99163c',extremes,Storm,#b3b2b1,wmo,tempête Natashquan Chevery Anticosti,2025-12-05T03:41:00+00:00,Canada,0.480940377671043,2,1,fr,NEN,North-America
'485794e3d4',extremes,Earthquake,#870007,usgs,tremblement de terre au Canada,2025-12-08T03:44:00+00:00,Canada,0.4779285138230896,2,1,fr,NWN,North-America
'970305e1b7',extremes,Precipitation,#d60d2b,wmo,averse canada,2025-12-08T03:44:00+00:00,Canada,0.4767832176541294,2,1,fr,NEN,North-America
'1ec1c3318b',extremes,Snow&Ice,#d60d2b,wmo,givre chilcotin,2025-12-13T03:38:00+00:00,Canada,0.4742271085284391,2,1,fr,NEN,North-America
'e35102c4e9',extremes,Storm,#b3b2b1,wmo,tempête sur la péninsule de Bonavista,2025-12-06T03:32:00+00:00,Canada,0.4710262071036616,2,1,fr,NEN,North-America
'6ccf450c8e',extremes,Drought,#edc291,edo,période sèche saint pierre et miquelon,2025-12-05T03:41:00+00:00,Saint Pierre and Miquelon,0.4698003153499363,2,1,fr,ENA,North-America
'2931ec0999',extremes,Snow&Ice,#d60d2b,wmo,glace france,2025-11-23T03:46:00+00:00,France,0.4560549074611721,3,2,fr,WCE,Europe
'a979be575d',extremes,Snow&Ice,#d60d2b,wmo,paulatuk de neige,2025-12-18T03:44:00+00:00,Canada,0.448963552233338,2,1,fr,NEN,North-America
'9800aef52a',extremes,Snow&Ice,#d60d2b,wmo,avalanche canada,2025-12-10T03:45:00+00:00,Canada,0.4160688605597844,3,1,fr,NEN,North-America
'8b3ab7ac69',extremes,Snow&Ice,#d60d2b,wmo,"gel dans la partie supérieure du lac Melville, rivière Eagle",2025-12-05T03:41:00+00:00,Canada,0.408931690060371,3,1,fr,NEN,North-America
